name;nation;continent;standard;rapid;blitz;best;worst;gender;age;hair_color;wp_win;wp_draw;wp_lose;bp_win;bp_draw;bp_lose;total_games;win_rate;lose_rate;draw_rate;pc_index
Fawzy, Adham;EGY;AFRICA;2495;2530;2539;blitz;standard;Male;23;Dark;687;95;156;629;125;163;1855;0.740700809;0.16819407;0.118598383;0.963016852
Ameir, Moheb;EGY;AFRICA;2366;2367;2303;rapid;blitz;Male;30;Dark;729;146;185;660;164;244;2128;0.685150376;0.17387218;0.145676692;0.918256792
Nassr, Lina;ALG;AFRICA;2038;1914;1914;standard;rapid;Female;20;Dark;248;52;66;219;58;82;725;0.684137931;0.182068966;0.151724138;0.922757863
Bortnyk, Olexandr;UKR;EUROPE;2605;2643;2734;blitz;standard;Male;27;Blonde;653;215;97;568;240;142;1915;0.681984334;0.101305483;0.237597911;0.918952213
Henriquez Villagra, Cristobal;CHI;AMERICA;2628;2574;2542;standard;blitz;Male;27;Brown;565;175;105;480;193;142;1660;0.680722892;0.126506024;0.221686747;0.916047293
Grigoryan, Karen H.;ARM;EUROPE;2626;2667;2701;blitz;standard;Male;28;Dark;725;235;126;577;305;185;2153;0.673478867;0.117045982;0.250812819;0.881293958
Salinas Herrera, Pablo;CHI;AMERICA;2498;2455;2546;blitz;rapid;Male;29;Brown;493;128;105;406;177;156;1465;0.673037543;0.14334471;0.208191126;0.872174295
Cori, Jorge;PER;AMERICA;2650;2604;2559;standard;blitz;Male;28;Dark;541;172;110;422;194;171;1610;0.672049689;0.136645963;0.227329193;0.865615292
Valderrama Quiceno, Esteban Alb;COL;AMERICA;2426;2522;2543;blitz;standard;Male;30;Brown;419;174;55;366;174;88;1276;0.656739812;0.086206897;0.272727273;0.923768284
Supi, Luis Paulo;BRA;AMERICA;2608;2520;2512;standard;blitz;Male;27;Dark;254;111;26;233;123;27;774;0.656330749;0.067183463;0.302325581;0.971410133
Tang, Andrew;USA;AMERICA;2523;2433;2596;blitz;rapid;Male;24;Dark;340;88;95;262;126;133;1044;0.651340996;0.181992337;0.204980843;0.849603127
Mitrabha, Guha;IND;ASIA;2510;2401;2507;standard;rapid;Male;22;Dark;556;159;143;469;201;182;1710;0.650292398;0.167251462;0.210526316;0.902455647
Makhnev, Denis;KAZ;ASIA;2483;2505;2515;blitz;standard;Male;23;Blonde;709;218;170;603;259;225;2184;0.649267399;0.155677656;0.218406593;0.903714829
Lagarde, Maxime;FRA;EUROPE;2579;2627;2576;rapid;blitz;Male;29;Brown;750;271;150;632;309;205;2317;0.647388865;0.129477773;0.250323694;0.907574821
Rodriguez Rueda, Paula Andrea;COL;AMERICA;2197;2312;2199;rapid;standard;Female;27;Dark;319;99;90;252;122;110;992;0.643145161;0.181451613;0.222782258;0.8915079
Martinez Alcantara, Jose Eduardo;PER;AMERICA;2607;2643;2711;blitz;standard;Male;24;Dark;444;164;88;386;203;100;1385;0.641155235;0.127075812;0.264981949;0.936222111
Salem, A.R. Saleh;UAE;ASIA;2677;2662;2639;standard;blitz;Male;30;Dark;753;252;196;649;284;249;2383;0.6319765;0.164498531;0.224926563;0.914351411
Campos, Maria Jose;ARG;AMERICA;2236;2137;2170;standard;rapid;Female;24;Dark;201;60;65;154;55;107;642;0.626168224;0.202492212;0.179127726;0.810578662
Bellahcene, Bilel;ALG;AFRICA;2469;2529;2566;blitz;standard;Male;25;Blonde;744;275;186;624;281;277;2387;0.623376623;0.155844156;0.232928362;0.884147541
Rios, Cristhian Camilo;COL;AMERICA;2469;2483;2562;blitz;standard;Male;30;Dark;623;258;138;528;283;171;2001;0.622688656;0.137931034;0.270364818;0.923837181
Silva, David;ANG;AFRICA;2350;2371;2398;blitz;standard;Male;25;Dark;284;92;82;258;99;98;913;0.622124863;0.179627601;0.209200438;0.937962038
Msellek, Ilyass;MAR;AFRICA;2420;2363;2302;standard;blitz;Male;25;Dark;277;86;90;232;81;126;892;0.621076233;0.201793722;0.187219731;0.878719391
Mona, Khaled;EGY;AFRICA;2105;2139;2072;rapid;blitz;Female;29;Brown;323;59;141;291;52;176;1042;0.619961612;0.270633397;0.106525912;0.90622173
Holt, Conrad;USA;AMERICA;2540;2548;2592;blitz;standard;Male;30;Blonde;292;116;73;243;134;87;945;0.617989418;0.154497354;0.264550265;0.918165025
Wafa, Shahenda;EGY;AFRICA;2099;2020;2008;standard;blitz;Female;25;Dark;303;71;117;272;77;145;985;0.615228426;0.237563452;0.150253807;0.911711588
Rakotomaharo, Fy Antenaina;MAD;AFRICA;2454;2395;2427;standard;rapid;Male;24;Dark;394;122;128;317;158;165;1284;0.613707165;0.199376947;0.218068536;0.875769231
Maghsoodloo, Parham;IRI;ASIA;2730;2672;2647;standard;blitz;Male;23;Dark;656;242;181;582;283;195;2139;0.613370734;0.169237962;0.245441795;0.947835774
Aravindh, Chithambaram VR.;IND;ASIA;2607;2553;2596;standard;rapid;Male;24;Dark;662;251;191;568;268;223;2163;0.612112806;0.176606565;0.239944521;0.929307972
Ghosh, Diptayan;IND;ASIA;2565;2442;2552;standard;rapid;Male;25;Dark;455;220;77;347;280;113;1492;0.609919571;0.103217158;0.335120643;0.87592442
Moussard, Jules;FRA;EUROPE;2667;2614;2610;standard;blitz;Male;28;Brown;500;195;136;429;218;163;1641;0.609384522;0.16575259;0.251675807;0.923762591
Firouzja, Alireza;FRA;EUROPE;2785;2745;2904;blitz;rapid;Male;20;Brown;526;204;143;442;211;203;1729;0.608444187;0.165413534;0.240023135;0.889129375
Sosa, Tomas;ARG;AMERICA;2544;2480;2560;blitz;rapid;Male;25;Brown;549;254;125;491;235;167;1821;0.602965404;0.137287205;0.268533773;0.935428083
Cori T., Deysi;PER;AMERICA;2362;2279;2292;standard;rapid;Female;30;Dark;551;181;195;444;187;273;1831;0.601856909;0.212998362;0.200983069;0.859197711
Dominguez, Laura Lucia;COL;AMERICA;2016;1961;2093;blitz;rapid;Female;24;Brown;368;80;163;368;87;157;1223;0.601798855;0.266557645;0.136549469;1.006930427
Moaataz, Ayah;EGY;AFRICA;2059;1959;1993;standard;rapid;Female;26;Dark;144;41;59;133;30;72;479;0.60125261;0.246346555;0.14822547;0.934152493
Zherebukh, Yaroslav;USA;AMERICA;2623;2620;2531;standard;blitz;Male;30;Blonde;343;155;83;247;189;126;1143;0.600174978;0.145231846;0.30096238;0.839584717
Wafa, Shrook;EGY;AFRICA;2138;2038;2017;standard;blitz;Female;26;Dark;317;79;136;301;71;153;1057;0.599810785;0.257332072;0.141911069;0.956484338
Vakhidov, Jakhongir;UZB;ASIA;2607;2524;2568;standard;rapid;Male;28;Brown;453;172;136;377;179;199;1516;0.59762533;0.179419525;0.231530343;0.872369731
Chumpitaz, Ann;PER;AMERICA;2259;2204;2148;standard;blitz;Female;29;Dark;212;72;78;186;69;94;711;0.596343179;0.219409283;0.198312236;0.922231722
Pichot, Alan;ARG;AMERICA;2638;2549;2573;standard;rapid;Male;25;Dark;642;249;192;559;262;255;2159;0.594719778;0.17786012;0.23668365;0.906051986
Yakubboev, Nodirbek;UZB;ASIA;2630;2574;2575;standard;rapid;Male;21;Blonde;417;186;98;340;218;147;1406;0.593172119;0.13940256;0.287339972;0.875397024
Alinasab, Mobina;IRI;ASIA;2334;2156;2149;standard;blitz;Female;23;Dark;517;161;204;424;175;272;1753;0.589845978;0.232743868;0.19167142;0.866878354
Nyzhnyk, Illya;UKR;EUROPE;2644;2658;2643;rapid;blitz;Male;27;Brown;423;250;64;319;279;102;1437;0.588726514;0.089074461;0.368128045;0.880903285
Le, Tuan Minh;VIE;ASIA;2542;2501;2566;blitz;rapid;Male;27;Dark;171;82;41;142;95;52;583;0.586620926;0.140651801;0.303602058;0.909332768
Sturt, Raven;USA;AMERICA;2470;2456;2402;standard;blitz;Male;30;Brown;380;139;140;336;125;177;1297;0.585967618;0.215882806;0.203546646;0.915721404
Argote Heredia, Valentina;COL;AMERICA;2216;1999;2083;standard;rapid;Female;23;Dark;453;97;223;427;94;253;1547;0.585649644;0.288299935;0.123464771;0.943943364
Tabatabaei, M. Amin;IRI;ASIA;2677;2558;2575;standard;rapid;Male;22;Brown;603;239;197;527;274;231;2071;0.582327378;0.190246258;0.247706422;0.92526488
Perez Ponsa, Federico;ARG;AMERICA;2532;2593;2590;rapid;standard;Male;30;Dark;432;253;73;382;234;111;1485;0.581818182;0.098316498;0.327946128;0.931562854
Wagner, Dinara;GER;EUROPE;2414;2350;2290;standard;blitz;Female;24;Dark;574;169;259;459;193;320;1974;0.581560284;0.262411348;0.183383992;0.869620443
Tan, Justin;AUS;ASIA;2510;2403;2531;blitz;rapid;Male;26;Dark;410;171;140;307;199;184;1411;0.581148122;0.198440822;0.262225372;0.857241258
Librelato, Kathie Goulart;BRA;AMERICA;2182;2108;2112;standard;rapid;Female;25;Brown;204;58;91;183;54;113;703;0.580369844;0.258890469;0.159317212;0.909012876
Ortiz Verdezoto, Anahi;ECU;AMERICA;2187;2105;2087;standard;blitz;Female;22;Dark;234;75;98;219;75;109;810;0.577777778;0.241975309;0.185185185;0.954128566
Lorparizangeneh, Shahin;IRI;ASIA;2467;2369;2526;blitz;rapid;Male;24;Dark;386;176;107;304;237;129;1339;0.576549664;0.159820762;0.308439134;0.890019838
Sethuraman, S.P.;IND;ASIA;2639;2533;2543;standard;rapid;Male;30;Dark;653;275;233;531;324;253;2269;0.575583958;0.205376818;0.263992948;0.918594455
Tsolakidou, Stavroula;GRE;EUROPE;2373;2281;2351;standard;rapid;Female;23;Blonde;387;152;121;398;157;132;1347;0.574610245;0.1796585;0.229398664;0.988710423
Narva, Mai;EST;EUROPE;2383;2281;2257;standard;blitz;Female;24;Blonde;532;155;246;467;153;302;1855;0.573584906;0.265229111;0.166037736;0.902353197
Voit, Daria;RUS;EUROPE;2349;2311;2252;standard;blitz;Female;29;Blonde;718;280;278;574;298;359;2507;0.572796171;0.221779019;0.230554448;0.873461226
Shuvalova, Polina;RUS;EUROPE;2475;2357;2281;standard;blitz;Female;22;Blonde;603;198;250;528;211;317;2107;0.572377788;0.237304224;0.194114855;0.898148823
Bulmaga, Irina;ROU;EUROPE;2422;2371;2340;standard;blitz;Female;30;Brown;752;302;269;655;314;341;2633;0.571211546;0.204329662;0.233953665;0.908148411
Obolentseva, Alexandra;RUS;EUROPE;2323;2202;2256;standard;rapid;Female;22;Blonde;346;133;137;297;149;152;1214;0.570016474;0.225700165;0.232289951;0.927714604
Fataliyeva, Ulviyya;AZE;EUROPE;2401;2272;2268;standard;blitz;Female;27;Dark;348;113;161;277;102;221;1222;0.569558101;0.263502455;0.17594108;0.840609806
Erigaisi Arjun;IND;ASIA;2701;2685;2737;blitz;rapid;Male;20;Dark;511;257;141;419;252;215;1795;0.569359331;0.157103064;0.28356546;0.874351611
Santos Latasa, Jaime;ESP;EUROPE;2656;2632;2604;standard;blitz;Male;27;Brown;466;270;98;424;270;114;1642;0.567600487;0.119366626;0.328867235;0.960045963
Artemiev, Vladislav;RUS;EUROPE;2701;2735;2800;blitz;standard;Male;25;Blonde;612;366;116;504;386;175;2159;0.566929134;0.107457156;0.348309403;0.900602947
Vokhidov, Shamsiddin;UZB;ASIA;2601;2535;2570;standard;rapid;Male;21;Dark;471;176;196;393;199;230;1665;0.565765766;0.235435435;0.225225225;0.903545826
Arabidze, Meri;GEO;EUROPE;2441;2327;2405;standard;rapid;Female;29;Blonde;623;299;190;518;300;273;2203;0.565592374;0.172492056;0.271901952;0.881369487
Sanal, Vahap;TUR;EUROPE;2582;2548;2606;blitz;rapid;Male;25;Brown;636;243;246;573;244;311;2253;0.564580559;0.218375499;0.216156236;0.915051612
Urazayev, Arystanbek;KAZ;ASIA;2460;2531;2449;rapid;blitz;Male;25;Brown;440;169;180;392;173;205;1559;0.5644644;0.230917255;0.219371392;0.934808661
Shevchenko, Kirill;ROU;EUROPE;2684;2598;2562;standard;blitz;Male;21;Blonde;562;301;146;453;295;235;1992;0.564257028;0.146586345;0.299196787;0.865098963
Idani, Pouya;IRI;ASIA;2633;2516;2574;standard;rapid;Male;28;Dark;496;272;119;429;273;172;1761;0.563316298;0.135150483;0.309483248;0.908087543
Castrillon Gomez, Melissa;COL;AMERICA;2235;2144;2187;standard;rapid;Female;28;Dark;580;204;249;539;189;302;2063;0.56228793;0.241396025;0.190499273;0.931591123
Martirosyan, Haik M.;ARM;EUROPE;2675;2587;2770;blitz;rapid;Male;23;Dark;360;185;95;275;215;152;1282;0.561622465;0.148205928;0.31201248;0.842670522
Maltsevskaya, Aleksandra;POL;EUROPE;2410;2380;2302;standard;blitz;Female;21;Blonde;1119;285;591;1006;310;675;3986;0.561465128;0.296537883;0.149272454;0.922181923
Karthikeyan, Murali;IND;ASIA;2627;2523;2523;standard;rapid;Male;24;Brown;546;283;156;484;283;194;1946;0.561151079;0.16032888;0.290853032;0.932539968
Martinez Ramirez, Lennis;CUB;AMERICA;2428;2481;2410;rapid;blitz;Male;30;Brown;347;130;145;311;131;174;1238;0.560581583;0.234248788;0.21082391;0.922735941
Vaishali, Rameshbabu;IND;ASIA;2433;2373;2410;standard;rapid;Female;22;Dark;565;225;228;472;232;300;2022;0.558852621;0.225519288;0.226013848;0.879998824
Predke, Alexandr;SRB;EUROPE;2685;2582;2594;standard;rapid;Male;29;Blonde;570;275;185;459;334;217;2040;0.558823529;0.181372549;0.298529412;0.902326558
Indjic, Aleksandar;SRB;EUROPE;2618;2543;2614;standard;rapid;Male;28;Blonde;532;278;163;432;287;216;1908;0.557651992;0.170859539;0.296121593;0.892532496
Montilla Reyes, Jorcerys;COL;AMERICA;2139;2137;2033;standard;blitz;Female;28;Dark;176;64;80;172;53;87;632;0.556962025;0.253164557;0.185126582;0.978796844
Antova, Gabriela;BUL;EUROPE;2259;2202;2263;blitz;rapid;Female;21;Brown;374;142;160;336;126;205;1343;0.556962025;0.238272524;0.199553239;0.908727659
Fedoseev, Vladimir;FID;FIDE;2674;2752;2750;rapid;standard;Male;28;Blonde;680;354;203;539;382;286;2444;0.556464812;0.166121113;0.301145663;0.872980349
Niemann, Hans Moke;USA;AMERICA;2706;2577;2618;standard;rapid;Male;20;Blonde;438;166;183;355;183;251;1576;0.555837563;0.232233503;0.221446701;0.854833373
Balajayeva, Khanim;AZE;EUROPE;2327;2246;2207;standard;blitz;Female;22;Dark;237;105;84;174;128;126;854;0.555035129;0.196721311;0.272833724;0.818265459
Nomin-Erdene, Davaademberel;MGL;ASIA;2375;2259;2299;standard;rapid;Female;23;Dark;359;148;153;265;168;205;1298;0.553158706;0.235747304;0.243451464;0.833797882
Quesada Perez, Luis Ernesto;CUB;AMERICA;2562;2516;2492;standard;blitz;Male;24;Dark;225;117;62;201;122;87;814;0.552825553;0.152334152;0.293611794;0.910637932
Negi, Parimarjan;IND;ASIA;2624;2613;2613;standard;rapid;Male;30;Dark;266;175;58;167;206;92;964;0.55186722;0.12033195;0.395228216;0.819637724
Duda, Jan-Krzysztof;POL;EUROPE;2724;2782;2790;blitz;standard;Male;25;Blonde;476;256;126;341;346;181;1726;0.551564311;0.146002317;0.348783314;0.841189306
Chitlange Sakshi;IND;ASIA;2241;2108;2157;standard;rapid;Female;23;Dark;302;128;132;258;125;152;1097;0.550592525;0.240656335;0.230628988;0.919876411
Osmak, Yuliia;UKR;EUROPE;2440;2283;2291;standard;rapid;Female;25;Brown;529;226;212;461;224;270;1922;0.550468262;0.220603538;0.234131113;0.903738318
Goltseva, Ekaterina;RUS;EUROPE;2283;2244;2200;standard;blitz;Female;21;Blonde;511;193;232;434;228;262;1860;0.549462366;0.249462366;0.226344086;0.913772647
Gomez Barrera, Javiera Belen;CHI;AMERICA;2236;2119;2119;standard;rapid;Female;21;Dark;328;106;167;308;124;161;1194;0.549413735;0.279731993;0.192629816;0.984229838
Pachon Gutierrez, Adriana Paola;COL;AMERICA;2007;2004;2068;blitz;rapid;Female;27;Dark;316;96;162;295;83;200;1152;0.548611111;0.28125;0.155381944;0.918052968
Jacobson, Brandon;USA;AMERICA;2556;2451;2459;standard;rapid;Male;20;Brown;333;143;143;266;152;184;1221;0.545454545;0.234234234;0.241605242;0.869364171
Salimova, Nurgyul;BUL;EUROPE;2391;2347;2314;standard;blitz;Female;20;Brown;331;153;119;297;165;152;1217;0.543960559;0.195562859;0.261298274;0.914604025
Kadric, Denis;MNE;EUROPE;2601;2475;2612;blitz;rapid;Male;28;Brown;568;319;164;488;303;249;2091;0.543280727;0.156862745;0.297465328;0.888335316
Lei, Tingjie;CHN;ASIA;2545;2517;2530;standard;rapid;Female;26;Dark;329;172;106;266;200;140;1213;0.542456719;0.174773289;0.306677659;0.883383037
Naroditsky, Daniel;USA;AMERICA;2618;2640;2633;rapid;standard;Male;28;Brown;270;196;57;210;172;93;998;0.541082164;0.114228457;0.368737475;0.885629291
Gledura, Benjamin;HUN;EUROPE;2644;2636;2537;standard;blitz;Male;24;Blonde;370;232;93;314;256;104;1369;0.540540541;0.135865595;0.356464573;0.937801468
Puranik, Abhimanyu;IND;ASIA;2599;2544;2477;standard;blitz;Male;23;Brown;475;242;167;415;232;230;1761;0.539466212;0.189664963;0.269165247;0.89805086
Narayanan.S.L;IND;ASIA;2661;2586;2547;standard;blitz;Male;25;Dark;455;275;124;349;291;193;1687;0.539419087;0.14700652;0.335506817;0.855639471
Robson, Ray;USA;AMERICA;2704;2596;2660;standard;rapid;Male;29;Brown;299;170;101;197;216;127;1110;0.538738739;0.181981982;0.347747748;0.838396991
Harsha Bharathakoti;IND;ASIA;2608;2532;2504;standard;blitz;Male;23;Dark;457;244;168;402;218;213;1702;0.537015276;0.197414806;0.271445358;0.920697813
Sargsyan, Shant;ARM;EUROPE;2630;2579;2628;standard;rapid;Male;21;Dark;342;204;100;266;226;141;1279;0.534792807;0.156372166;0.336200156;0.871134167
Vazquez Maccarini, Danitza;PUR;AMERICA;2080;2040;2014;standard;blitz;Female;23;Brown;275;110;136;282;101;127;1031;0.533462658;0.263821532;0.204655674;1.029307784
Sjugirov, Sanan;RUS;EUROPE;2712;2543;2569;standard;rapid;Male;30;Brown;605;410;144;447;448;226;2280;0.530701754;0.126315789;0.376315789;0.85647625
Padmini, Rout;IND;ASIA;2388;2282;2314;standard;rapid;Female;29;Dark;555;297;213;442;287;300;2094;0.53008596;0.203438395;0.278892073;0.861384456
Abdumalik, Zhansaya;KAZ;ASIA;2497;2454;2397;standard;blitz;Female;23;Blonde;416;207;176;335;208;231;1573;0.52892562;0.223776224;0.263827082;0.872337991
Deac, Bogdan-Daniel;ROU;EUROPE;2700;2618;2649;standard;rapid;Male;22;Blonde;414;240;122;358;295;141;1570;0.527388535;0.155414013;0.340764331;0.925169105
Albornoz Cabrera, Carlos Daniel;CUB;AMERICA;2586;2593;2516;rapid;blitz;Male;23;Dark;281;192;67;236;195;95;1066;0.527204503;0.125703565;0.3630394;0.908160281
Munkhzul, Turmunkh;MGL;ASIA;2318;2274;2207;standard;blitz;Female;21;Dark;155;85;69;157;49;81;596;0.520134228;0.231543624;0.224832215;0.989432364
Mammadzada, Gunay;AZE;EUROPE;2449;2348;2396;standard;rapid;Female;23;Brown;293;132;154;232;125;191;1127;0.519964508;0.273291925;0.228039042;0.866740032
Liang, Awonder;USA;AMERICA;2651;2508;2508;standard;rapid;Male;20;Dark;315;178;128;233;190;171;1215;0.518518519;0.210699588;0.302880658;0.848784878
Khademalsharieh, Sarasadat;IRI;ASIA;2490;2395;2417;standard;rapid;Female;26;Dark;402;223;156;377;214;181;1553;0.517707663;0.200901481;0.281390856;0.95353941
Bok, Benjamin;NED;EUROPE;2607;2608;2657;blitz;standard;Male;28;Dark;442;277;147;364;303;176;1709;0.517261556;0.172030427;0.339379754;0.912256072
Donchenko, Alexander;GER;EUROPE;2664;2590;2542;standard;blitz;Male;25;Blonde;731;454;241;631;453;319;2829;0.516790385;0.170378226;0.320607989;0.909767617
Anton Guijarro, David;ESP;EUROPE;2690;2635;2618;standard;blitz;Male;28;Blonde;563;367;154;508;386;206;2184;0.515567766;0.141025641;0.34478022;0.925390002
Van Foreest, Jorden;NED;EUROPE;2680;2661;2633;standard;blitz;Male;24;Blonde;494;288;192;393;321;234;1922;0.514047867;0.199791883;0.31685744;0.891348558
Brunello, Marina;ITA;EUROPE;2340;2316;2295;standard;blitz;Female;29;Dark;333;163;146;292;160;202;1296;0.513888889;0.225308642;0.249228395;0.880999546
Xiong, Jeffery;USA;AMERICA;2692;2727;2726;rapid;standard;Male;23;Dark;356;260;90;292;258;130;1386;0.513708514;0.12987013;0.373737374;0.899376664
Vazquez, Guillermo;PAR;AMERICA;2575;2473;2543;standard;rapid;Male;26;Brown;263;185;69;221;160;126;1024;0.513671875;0.134765625;0.336914063;0.863394891
Priyanka Nutakki;IND;ASIA;2329;2226;2268;standard;rapid;Female;21;Dark;346;144;189;305;142;226;1352;0.51183432;0.279585799;0.211538462;0.90754104
Fuentes Godoy, Lilia Ivonne;MEX;AMERICA;2196;2057;2096;standard;rapid;Female;25;Dark;182;84;90;174;63;122;715;0.509090909;0.251748252;0.205594406;0.909744329
Martinez, Ayelen;ARG;AMERICA;2099;2167;2125;rapid;standard;Female;30;Brown;266;95;163;261;67;194;1046;0.508604207;0.31166348;0.154875717;0.94299315
Velikic, Adela;SRB;EUROPE;2270;2237;2281;blitz;rapid;Female;26;Blonde;296;129;161;264;117;197;1164;0.508591065;0.276632302;0.211340206;0.906972726
Lu, Shanglei;CHN;ASIA;2597;2644;2646;blitz;standard;Male;28;Dark;385;270;112;272;313;163;1515;0.508250825;0.147854785;0.384818482;0.84496992
Shvayger, Yuliya;ISR;EUROPE;2355;2261;2250;standard;blitz;Female;29;Blonde;250;124;113;215;150;137;989;0.505561173;0.22851365;0.277047523;0.901713658
Kiolbasa, Oliwia;POL;EUROPE;2429;2310;2269;standard;blitz;Female;23;Brown;396;233;159;328;249;206;1571;0.504137492;0.202418842;0.306810948;0.888564932
Derakhshani, Dorsa;USA;AMERICA;2268;2170;2170;standard;rapid;Female;25;Brown;295;120;171;250;130;205;1171;0.503842869;0.29205807;0.213492741;0.888840737
Rapport, Richard;ROU;EUROPE;2745;2767;2701;rapid;blitz;Male;27;Blonde;464;324;152;369;349;193;1851;0.501350621;0.164235548;0.36358725;0.89584875
Enkhtuul, Altan-Ulzii;MGL;ASIA;2254;2158;2244;standard;rapid;Female;29;Brown;326;135;196;291;127;226;1301;0.501152959;0.301306687;0.201383551;0.91907511
Besso, Guadalupe;ARG;AMERICA;2023;2020;2050;blitz;rapid;Female;25;Dark;211;84;126;204;79;139;843;0.50059312;0.298932384;0.193357058;0.960169904
Grandelius, Nils;SWE;EUROPE;2660;2649;2573;standard;blitz;Male;30;Brown;512;397;126;386;412;214;2047;0.50024426;0.123106986;0.395212506;0.852152773
Vo, Thi Kim Phung;VIE;ASIA;2351;2214;2224;standard;rapid;Female;30;Brown;242;92;107;291;114;122;968;0.5;0.22107438;0.212809917;1.011148008
Tokhirjonova, Gulrukhbegim;USA;AMERICA;2340;2285;2242;standard;blitz;Female;24;Dark;337;166;176;294;160;216;1349;0.499629355;0.260934025;0.241660489;0.902437811
Svane, Rasmus;GER;EUROPE;2621;2621;2597;standard;blitz;Male;26;Blonde;502;342;161;394;382;229;2010;0.499502488;0.160199005;0.360199005;0.869242199
Sargsyan, Anna M.;ARM;EUROPE;2375;3396;3384;rapid;standard;Female;22;Dark;173;83;90;133;85;130;694;0.498559078;0.259365994;0.242074928;0.813479624
Kashlinskaya, Alina;POL;EUROPE;2483;2382;2382;standard;rapid;Female;30;Blonde;546;266;289;454;284;352;2191;0.498402556;0.263806481;0.251026928;0.886619557
Badelka, Olga;FID;FIDE;2406;2231;2375;standard;rapid;Female;21;Blonde;558;298;278;495;293;323;2245;0.497104677;0.24766147;0.26325167;0.926139149
Nandhidhaa, P V;IND;ASIA;2362;2209;2209;standard;rapid;Female;27;Dark;393;177;217;355;177;267;1586;0.495586381;0.273644388;0.223203026;0.907246467
Wei, Yi;CHN;ASIA;2722;2716;2686;standard;blitz;Male;24;Dark;330;245;98;213;324;122;1332;0.495495495;0.147147147;0.427177177;0.846335063
Bluebaum, Matthias;GER;EUROPE;2660;2601;2638;standard;rapid;Male;26;Blonde;435;327;116;336;368;175;1757;0.495162208;0.132043256;0.395560615;0.867850324
Yu, Yangyi;CHN;ASIA;2729;2734;2783;blitz;standard;Male;29;Dark;459;383;101;334;421;160;1858;0.494079656;0.108719053;0.432723358;0.862663021
Vantika Agrawal;IND;ASIA;2407;2267;2269;standard;rapid;Female;21;Dark;374;165;217;327;185;246;1514;0.494055482;0.28665786;0.231175694;0.916523855
Beydullayeva, Govhar;AZE;EUROPE;2376;2202;2202;standard;rapid;Female;20;Dark;268;144;154;238;124;165;1093;0.490393413;0.28179323;0.245196706;0.947650407
Swiercz, Dariusz;USA;AMERICA;2637;2657;2620;rapid;blitz;Male;29;Brown;389;297;110;320;314;163;1593;0.488386692;0.138104206;0.383553045;0.886328383
Saduakassova, Dinara;KAZ;ASIA;2434;2441;2402;rapid;blitz;Female;27;Dark;348;234;146;254;260;195;1437;0.48434238;0.203201113;0.343771747;0.847936667
Xiao, Yiyi;CHN;ASIA;2383;2226;2226;standard;rapid;Female;27;Dark;162;84;93;134;96;101;670;0.48358209;0.27761194;0.268656716;0.913719566
Efroimski, Marsel;ISR;EUROPE;2438;2342;2353;standard;rapid;Female;28;Blonde;307;158;178;249;158;221;1271;0.483084186;0.280094414;0.248623131;0.870037292
Buksa, Nataliya;UKR;EUROPE;2406;2286;2316;standard;rapid;Female;27;Blonde;385;181;233;362;181;259;1601;0.480949407;0.291068082;0.226108682;0.948070151
Ouellet, Maili-Jade;CAN;AMERICA;2246;2145;2077;standard;blitz;Female;21;Dark;160;69;109;159;44;132;673;0.475482912;0.323922734;0.167904903;0.938924913
Alboredo, Julia;BRA;AMERICA;2253;2143;2134;standard;blitz;Female;26;Brown;265;137;154;258;141;162;1117;0.474485228;0.275738585;0.248880931;0.976228463
Sieber, Fiona;GER;EUROPE;2217;2245;2156;rapid;blitz;Female;23;Blonde;242;101;161;217;109;195;1025;0.472195122;0.314146341;0.204878049;0.897918205
Aulia, Medina Warda;INA;ASIA;2369;2353;2269;standard;blitz;Female;26;Dark;172;109;77;145;106;120;729;0.471879287;0.211248285;0.294924554;0.843540815
Frayna, Janelle Mae;PHI;ASIA;2266;2105;2309;blitz;rapid;Female;27;Dark;258;165;126;235;138;172;1094;0.47166362;0.230347349;0.276965265;0.899357394
Paikidze, Nazi;USA;AMERICA;2316;2400;2293;rapid;blitz;Female;30;Brown;204;125;111;163;139;130;872;0.467889908;0.254587156;0.302752294;0.888576193
Oparin, Grigoriy;USA;AMERICA;2667;2650;2647;standard;blitz;Male;26;Blonde;479;383;164;375;438;215;2054;0.466407011;0.159688413;0.399707887;0.884182488
Dubov, Daniil;RUS;EUROPE;2708;2727;2802;blitz;standard;Male;27;Blonde;468;416;143;359;437;209;2032;0.460629921;0.140748031;0.419783465;0.872990815
Vidit, Santosh Gujrathi;IND;ASIA;2731;2665;2651;standard;blitz;Male;29;Dark;425;379;128;357;394;168;1851;0.459211237;0.13830362;0.417612102;0.914299071
Hou, Yifan;CHN;ASIA;2628;2618;2601;standard;blitz;Female;29;Dark;317;255;120;261;262;170;1385;0.457761733;0.173285199;0.373285199;0.880617196
Sevian, Samuel;USA;AMERICA;2684;2581;2695;blitz;rapid;Male;23;Blonde;276;236;101;197;251;145;1206;0.457711443;0.167495854;0.403814262;0.846134257
Mendoza, Shania Mae;PHI;ASIA;2077;2046;2164;blitz;rapid;Female;25;Dark;202;121;117;175;136;132;883;0.457531144;0.265005663;0.291053228;0.91944534
Yu, Jennifer;USA;AMERICA;2303;2217;2197;standard;blitz;Female;21;Brown;236;137;141;190;149;179;1032;0.457364341;0.273255814;0.277131783;0.861929488
Bai, Jinshi;CHN;ASIA;2571;2533;2516;standard;blitz;Male;24;Dark;244;223;67;170;249;114;1067;0.457357076;0.125585754;0.442361762;0.829964931
Goryachkina, Aleksandra;FID;FIDE;2565;2488;2471;standard;blitz;Female;25;Dark;452;371;178;359;373;244;1977;0.457258472;0.180070814;0.376327769;0.877604468
Fronda, Jan Jodilyn;PHI;ASIA;2154;2077;2189;blitz;rapid;Female;29;Brown;150;87;89;138;81;114;659;0.455235205;0.270106222;0.254931715;0.903089136
Sihite, Chelsie Monica Ignesias;INA;ASIA;2266;2233;2244;standard;rapid;Female;28;Dark;153;84;94;136;100;107;674;0.454005935;0.278931751;0.272997033;0.920475443
Zhu, Jiner;CHN;ASIA;2489;2384;2384;standard;rapid;Female;21;Dark;160;85;107;142;96;116;706;0.45325779;0.303116147;0.256373938;0.932970635
Zhai, Mo;CHN;ASIA;2362;2339;2342;standard;rapid;Female;27;Brown;237;138;142;196;164;173;1050;0.451428571;0.27047619;0.287619048;0.881224785
Yakubbaeva, Nilufar;UZB;ASIA;2362;2232;2223;standard;blitz;Female;23;Brown;157;83;105;145;84;124;698;0.449856734;0.300859599;0.239255014;0.920715565
Zhang, Lanlin;CHN;ASIA;2205;2217;2171;rapid;blitz;Female;24;Dark;128;88;68;117;72;99;572;0.447552448;0.237762238;0.27972028;0.877180233
Yip, Carissa;USA;AMERICA;2369;2393;2285;rapid;blitz;Female;20;Dark;142;85;96;133;71;116;643;0.441679627;0.298600311;0.242612753;0.921841125
Injac, Teodora;SRB;EUROPE;2391;2288;2257;standard;blitz;Female;23;Brown;398;235;266;347;277;295;1818;0.437843784;0.292629263;0.281628163;0.921307794
Troff, Kayden;USA;AMERICA;2483;2480;2544;blitz;rapid;Male;25;Blonde;157;124;79;133;119;108;720;0.436111111;0.219444444;0.3375;0.878995434
Heinemann, Josefine;GER;EUROPE;2274;2218;2342;blitz;rapid;Female;25;Blonde;288;224;155;247;212;212;1338;0.430493274;0.231689088;0.325859492;0.877239195
Guo, Qi;CHN;ASIA;2371;2455;2338;rapid;blitz;Female;28;Dark;205;190;86;182;202;91;956;0.428870293;0.179916318;0.410041841;0.955249123
Hernandez Machado, Patricia M.;CUB;AMERICA;2148;2073;2093;standard;rapid;Female;20;Blonde;95;48;80;83;55;83;444;0.427927928;0.36036036;0.231981982;0.93697479
So, Wesley;USA;AMERICA;2760;2788;2749;rapid;blitz;Male;30;Dark;422;471;101;281;566;142;1983;0.425617751;0.10186586;0.522945033;0.862131354
Xu, Xiangyu;CHN;ASIA;2587;2574;2477;standard;blitz;Male;24;Dark;208;224;71;141;249;105;998;0.416833667;0.142284569;0.473947896;0.843096591
Nguyen, Thai Dai Van;CZE;EUROPE;2649;2544;2574;standard;rapid;Male;22;Dark;311;284;136;247;334;182;1494;0.416331995;0.18206158;0.413654618;0.875578277
Cervantes Landeiro, Thalia;USA;AMERICA;2271;2172;2172;standard;rapid;Female;21;Brown;166;110;120;146;103;157;802;0.413965087;0.29925187;0.265586035;0.871653701
Yan, Tianqi;CHN;ASIA;2178;2237;2086;rapid;blitz;Female;21;Dark;55;52;31;46;39;46;269;0.408921933;0.230483271;0.338289963;0.851851852
Cancio-Bello Ayes, Flavia;CUB;AMERICA;2069;2085;2009;rapid;blitz;Female;30;Brown;112;74;94;95;88;91;554;0.40433213;0.339350181;0.292418773;0.953314065
Giri, Anish;NED;EUROPE;2768;2714;2807;blitz;rapid;Male;29;Dark;410;517;103;282;549;187;2048;0.400390625;0.100585938;0.520507813;0.84227363
Xu, Yinglun;CHN;ASIA;2558;2523;2544;standard;rapid;Male;27;Dark;203;264;84;143;270;108;1072;0.378731343;0.156716418;0.498134328;0.877634858
Gutierrez Espinosa, Karen;CUB;AMERICA;2079;2069;2034;standard;blitz;Female;28;Dark;153;130;130;120;127;157;817;0.374541004;0.318237454;0.314565483;0.860494822
Ni, Shiqun;CHN;ASIA;2338;2362;2270;rapid;blitz;Female;26;Dark;132;158;78;124;166;85;743;0.355316285;0.209959623;0.436069987;0.962729858
Ren, Xiaoyi;CHN;ASIA;2156;2226;2189;rapid;standard;Female;27;Dark;97;95;80;80;97;103;552;0.351449275;0.289855072;0.347826087;0.863865546
